{
  "model": "embedding_content",
  "num_users": 39958,
  "precision@5": 0.0005155413183843025,
  "recall@5": 0.0008592355306405052,
  "ndcg@5": 0.0007162913322554673,
  "precision@10": 0.0005230492016617455,
  "recall@10": 0.0017434973388724846,
  "ndcg@10": 0.0011111643561144999,
  "precision@50": 0.0005210470994544184,
  "recall@50": 0.008684118324240403,
  "ndcg@50": 0.0031651685745454367,
  "precision@200": 0.00045009760248262173,
  "recall@200": 0.030006506832173943,
  "ndcg@200": 0.007574413271707071
}