{
  "model": "tfidf_content",
  "num_users": 39958,
  "precision@5": 0.0022974122828970586,
  "recall@5": 0.003829020471495071,
  "ndcg@5": 0.0032151748808407175,
  "precision@10": 0.0021722808949396757,
  "recall@10": 0.007240936316465642,
  "ndcg@10": 0.004750271189632888,
  "precision@50": 0.0014345062315431817,
  "recall@50": 0.023908437192386,
  "ndcg@50": 0.009754901873245632,
  "precision@200": 0.0009115821612693419,
  "recall@200": 0.06077214408462186,
  "ndcg@200": 0.017446081899254572
}